{"cameraMode":{"drawMode":0,"name":"Shaded","section":"Shading Mode"},"sceneLighting":true,"audioPlay":false,"sceneViewState":{"m_AlwaysRefresh":false,"showFog":true,"showSkybox":true,"showFlares":true,"showImageEffects":true,"showParticleSystems":true,"showVisualEffectGraphs":true,"m_FxEnabled":true},"in2DMode":false,"pivot":{"x":107.13800811767578,"y":-50.017337799072269,"z":-210.9449920654297},"rotation":{"x":0.05299270898103714,"y":-0.6677690744400024,"z":0.04775865375995636,"w":0.7409442067146301},"size":1.9060438871383668,"orthographic":true}