{"cameraMode":{"drawMode":0,"name":"Shaded","section":"Shading Mode"},"sceneLighting":true,"audioPlay":false,"sceneViewState":{"m_AlwaysRefresh":false,"showFog":true,"showSkybox":true,"showFlares":true,"showImageEffects":true,"showParticleSystems":true,"showVisualEffectGraphs":true,"m_FxEnabled":true},"in2DMode":false,"pivot":{"x":117.01285552978516,"y":-50.39567947387695,"z":-256.2944641113281},"rotation":{"x":0.05299270898103714,"y":-0.6677690744400024,"z":0.04775865375995636,"w":0.7409442067146301},"size":0.25410398840904238,"orthographic":true}